IssueID,Date,System,ErrorType,Description,RootCause,Resolution
1,2025-08-01,Payment Gateway,Database Error,Payment transactions failing due to DB timeout,High load on DB server,Optimized SQL queries and increased DB connection pool
2,2025-08-02,User Portal,UI Bug,Login button not responding in Chrome,Frontend JavaScript issue,Patched JavaScript event listener
3,2025-08-03,Auth Service,Authentication Error,Users unable to reset passwords,Expired token logic failure,Updated token expiry handling
4,2025-08-03,Billing Service,API Error,Invoice generation failing,Null pointer exception in API call,Added null checks and retry mechanism
5,2025-08-04,Inventory,Data Mismatch,Stock counts not matching,Cache not refreshing properly,Implemented cache invalidation policy
6,2025-08-05,Notification Service,Email Failure,Emails not sent to Gmail users,SMTP config outdated,Updated SMTP provider settings
7,2025-08-05,Mobile App,Crash,App crashing on launch in Android 14,Unsupported SDK function,Upgraded SDK and refactored code
8,2025-08-06,Analytics,Slow Query,Reports taking too long,Unoptimized SQL joins,Created indexes and optimized query
9,2025-08-07,Payment Gateway,Transaction Error,Duplicate payments detected,Race condition in payment flow,Added transaction locks
10,2025-08-07,User Portal,UI Error,Profile picture upload failing,Incorrect MIME type validation,Fixed file type validation logic
11,2025-08-08,Auth Service,Token Expiry,Users logged out frequently,Short session expiry policy,Extended token validity period
12,2025-08-09,Mobile App,Performance,Laggy navigation in iOS,Memory leak in UI component,Fixed memory allocation
13,2025-08-10,Notification Service,SMS Error,SMS delivery delays,Third-party provider downtime,Switched to backup SMS provider
14,2025-08-11,Billing Service,Calculation Error,Incorrect tax applied in invoices,Wrong formula in code,Corrected tax calculation logic
15,2025-08-11,Inventory,Data Sync Error,Warehouse stock not syncing,API throttling by partner,Implemented exponential backoff
16,2025-08-12,Analytics,Data Loss,Reports missing recent data,ETL pipeline failure,Restarted ETL job and added monitoring
17,2025-08-13,User Portal,Login Error,Social login not working,OAuth misconfiguration,Updated OAuth credentials
18,2025-08-14,Auth Service,Brute Force Attack,Multiple failed login attempts,Hacker attack,Implemented rate limiting
19,2025-08-15,Payment Gateway,Gateway Timeout,Payments failing randomly,Unresponsive third-party API,Added retry mechanism
20,2025-08-15,Mobile App,Crash,Crash when opening settings,Null reference in settings module,Patched null pointer bug
21,2025-08-16,Notification Service,Push Error,Push notifications not delivered,Firebase key expired,Updated Firebase credentials
22,2025-08-16,Billing Service,Duplicate Entry,Duplicate invoices generated,Loop in batch job,Fixed batch job loop logic
23,2025-08-17,Inventory,Stock Error,Negative stock appearing,Concurrent updates without locks,Added DB locking
24,2025-08-18,Analytics,Report Error,Charts not rendering properly,Incorrect data format,Standardized data formatting
25,2025-08-18,User Portal,Password Reset,Password reset link not working,Link expired early,Extended reset link expiry
26,2025-08-19,Auth Service,Session Error,Users stuck in infinite login loop,Cookie handling issue,Fixed cookie parsing
27,2025-08-19,Mobile App,UI Glitch,Dark mode text invisible,Wrong CSS applied,Corrected dark mode stylesheet
28,2025-08-20,Notification Service,Email Delay,Emails taking hours to send,Job queue overload,Scaled email workers
29,2025-08-20,Billing Service,PDF Error,Invoice PDF not generating,Missing font library,Added font dependency
30,2025-08-21,Inventory,Data Duplication,Products appearing twice in catalog,Sync job running twice,Fixed cron schedule
31,2025-08-21,Analytics,Crash,Analytics dashboard crashing,Division by zero in chart,Handled zero division case
32,2025-08-22,User Portal,Accessibility Issue,Screen reader not working properly,Missing ARIA labels,Added accessibility tags
33,2025-08-22,Auth Service,Key Rotation Error,Users unable to log in after key update,Expired JWT keys,Refreshed and synced keys
34,2025-08-23,Payment Gateway,Refund Error,Refund requests failing,Incorrect API endpoint,Corrected endpoint URL
35,2025-08-23,Mobile App,Performance Slow,Slow load on home screen,Heavy image assets,Optimized images and caching
36,2025-08-24,Notification Service,Template Error,Email templates broken,HTML tags malformed,Fixed email templates
37,2025-08-24,Billing Service,Currency Error,Invoices showing wrong currency,Currency conversion API failure,Switched API provider
38,2025-08-25,Inventory,Stock Sync Delay,Stock updates delayed by hours,Queue worker crash,Restarted worker and added monitoring
39,2025-08-25,Analytics,Data Inaccuracy,Incorrect revenue numbers,Double counting transactions,Fixed aggregation logic
40,2025-08-26,User Portal,UI Error,Dropdown menu not clickable,Z-index issue in CSS,Fixed CSS layering
41,2025-08-26,Auth Service,SSO Failure,Corporate SSO login failing,SAML certificate expired,Renewed SAML certificate
42,2025-08-27,Payment Gateway,Overcharge Error,Users charged twice,Duplicate job execution,Disabled duplicate jobs
43,2025-08-27,Mobile App,Notification Bug,Notifications not clickable,Intent misconfigured,Fixed notification intent
44,2025-08-28,Notification Service,SMTP Error,Outlook users not receiving mails,Blocked port 587,Opened correct port
45,2025-08-28,Billing Service,Discount Error,Wrong discount applied,Logic error in discount calculation,Corrected discount formula
46,2025-08-29,Inventory,Product Missing,Items missing from catalog,Partial DB migration,Completed migration and validated data
47,2025-08-29,Analytics,Chart Error,Bar chart not loading,Missing dependency,Installed charting library
48,2025-08-30,User Portal,Security Bug,Password visible in console,Debug log enabled,Removed sensitive logs
49,2025-08-30,Auth Service,Token Refresh Error,Refresh token not working,API mismatch,Aligned API versions
50,2025-08-31,Payment Gateway,Settlement Delay,Daily settlements delayed,Cron job misfire,Rescheduled cron job
